{
  "Baseline": {
    "n_points": 5,
    "n_tissues": 4,
    "n_concentrations": 2,
    "tsne1_range": [
      -8.884893417358398,
      15.728382110595703
    ],
    "tsne2_range": [
      14.07590389251709,
      44.40007400512695
    ],
    "tsne1_std": 9.649620056152344,
    "tsne2_std": 13.913848876953125
  },
  "ca_titration": {
    "n_points": 13,
    "n_tissues": 2,
    "n_concentrations": 8,
    "tsne1_range": [
      -5.394913673400879,
      38.80467987060547
    ],
    "tsne2_range": [
      -32.721920013427734,
      23.629364013671875
    ],
    "tsne1_std": 14.114604949951172,
    "tsne2_std": 16.522214889526367
  },
  "e4031": {
    "n_points": 6,
    "n_tissues": 2,
    "n_concentrations": 3,
    "tsne1_range": [
      -15.473010063171387,
      6.115270137786865
    ],
    "tsne2_range": [
      0.08684166520833969,
      27.857707977294922
    ],
    "tsne1_std": 9.394588470458984,
    "tsne2_std": 12.244452476501465
  },
  "nifedipine": {
    "n_points": 18,
    "n_tissues": 2,
    "n_concentrations": 10,
    "tsne1_range": [
      -57.42744064331055,
      20.140064239501953
    ],
    "tsne2_range": [
      -14.332881927490234,
      22.791648864746094
    ],
    "tsne1_std": 19.92506217956543,
    "tsne2_std": 12.158904075622559
  },
  "overall": {
    "total_points": 42,
    "total_tissues": 5,
    "total_drugs": 4,
    "tsne1_range": [
      -57.42744064331055,
      38.80467987060547
    ],
    "tsne2_range": [
      -32.721920013427734,
      44.40007400512695
    ]
  }
}